id,name,address,email
1,Source Power Max,3345 Archie Watkins Road Farmington AR 72730,Etta@etblandit.us
2,Interactive West Electronics,2417 Becker Place Del City OK 73115,Corey.Binkley@enimwisi.info
3,Galaxy Vision,6880 Xavier Circle Westminster CO 80030,Maryanne.Smalley@veropraesent.gov
4,Federated Building,109 Summit Street Burlington VT 05401,Gertrude.Montenegro@ametlobortis.info
5,Resource Pacific Telecom,104 Bennington Street Lawrence MA 01841,A.Donahue@eudolor.com
6,Analysis Systems Electronics,7550 Kline Drive Arvada CO 80005,Velma.Vaughn@veronulla.eu
7,Direct Medicine Alpha,73 Twin Hills Drive Longmeadow MA 01106,S.Beebe@hendreritex.tv
8,Omega Adventure Provider,261 East Old Hickory Boulevard Nashville TN 37115,Karrie.Moya@facilisivel.info
9,Systems Architecture Bell,6401 Green Meadow Lane Oklahoma City OK 73132,Marlena.Huber@adat.org
10,Provider Building Network,9636 Morar Road Panama City FL 32409,S.Westbrook@nullapraesent.net
11,Consulting Analysis,68 Hampstead Place Athol MA 01331,Stacy.Cason@invulputatete.eu
12,Network Star,1823 North Munchkin Lane Fayetteville AR 72704,Tommie.Buffington@ipsumveniamquis.info
13,Hardware Speed Interactive,46 Deslauriers Street Chicopee MA 01020,C.Morey@accumsanamet.tv
14,Universal Industries Alpha,7911 Deronia Avenue Louisville KY 40222,Noe.Dickson@nislutaccumsan.net
15,Consulting Virtual Future,211 Oak Street Manchester CT 06040,William@lobortisduis.tv
16,Application Omega Max,3808 South Smiley Circle Montgomery AL 36108,B.Slater@aliquameum.tv
17,Galaxy Medicine Future,9920 West 81st Avenue Arvada CO 80005,N.Wing@velitqui.us
18,General Speed Construction,320 South Ramblin Oaks Drive Moore OK 73160,Oma@autemnulla.edu
19,General Research Power,323 Southeast 23rd Street Oklahoma City OK 73129,Ma@veroat.us
20,Systems Contract Innovation,146 Walnut Street Manchester CT 06040,T.Ladd@dignissimte.edu
21,Universal Consulting Industries,2850 Davenport Street Northwest Washington DC 20008,Tera@examet.gov
22,Telecom Building Network,5300 Robinwood Road Louisville KY 40218,T.Brigham@exiusto.org
23,Technology Frontier Signal,108 Chalmers Avenue Glen Burnie MD 21061,L.Lerma@dignissimnulla.gov
24,Software Technology Hardware,1207 Branch Lane Glen Burnie MD 21061,Toney.Horst@accumsanut.info
25,Design Electronic Federated,3871 Galactica Drive Anchorage AK 99517,G.Clevenger@adnulla.gov
26,Universal Architecture Net,1544 Kenilworth Avenue Northeast Washington DC 20019,G.Casper@exercizzril.tv
27,Advanced Net Adventure,9360 Hester Beasley Road Nashville TN 37221,Clark@duiswisi.com
28,Omega Research,90 Via Verde San Lorenzo CA 94580,Terra.Bolling@eroseuismod.net
29,Direct North,1731 West 18th Street Fayetteville AR 72701,Philip@verout.gov
30,Omega East,1309 Clay Avenue Panama City FL 32401,Autumn@veniamea.edu
31,Hill Signal,1915 Dean Forest Road Pooler GA 31322,Louann.Peachey@nibhfacilisis.org
32,Venture East Power,1536 North Main Street Salinas CA 93906,R.Tyner@exex.tv
33,Digital Medicine Studio,6030 Newland Street Arvada CO 80003,Reta.Withrow@diamipsum.tv
34,Digital Telecom Resource,16 Harlow Road Springfield VT 05156,Dewey.Fortenberry@eanostrud.eu
35,Pacific Resource,3604 Ridgehaven Drive Midwest City OK 73110,Barbra.Block@autemdolor.com
36,Industries Solutions Advanced,2755 Country Drive Fremont CA 94536,Forrest.Dyer@nibhtationullamcorper.info
37,General Vision,32 Country Club Boulevard Dartmouth MA 02747,Grace@etnostrud.edu
38,Design Frontier,1734 Corcoran Street Northwest Washington DC 20009,P.Kincaid@dolorenisl.gov
39,Hardware Application Industries,984 Greendale Avenue Needham MA 02492,R.Munoz@eumminim.com
40,Atlantic Omega Studio,7034 West John Garrison Road Fayetteville AR 72704,A.Marble@blanditfeugait.info
41,Star Universal Studio,4121 Northwest 31st Street Oklahoma City OK 73112,Charlie.Pyle@nostrudnulla.gov
42,Electronics East,900 Dupont Road Louisville KY 40207,Mattie.Alfred@eumfeugiat.com
43,Frontier Venture,3328 Sunny Meadows Court Birmingham AL 35242,G.Bassett@nullaeros.eu
44,Universal Frontier North,545 East Muhammad Ali Boulevard Louisville KY 40202,S.Fulmer@blanditdolor.org
45,Architecture Telecom Interactive,2850 Davenport Street Northwest Washington DC 20008,Myron.Kuhn@etaccumsanfacilisi.tv
46,Solutions Data,4418 Signal Hill Road Louisville KY 40207,C.Henderson@veniamet.eu
47,Future Federated,200 Boulder Road Manchester CT 06040,Mariana@laoreette.edu
48,Electronics Studio,6324 Moore Circle Arvada CO 80004,Amanda@dolorete.tv
49,Innovation Universal Internet,2044 Bullard Street Montgomery AL 36106,Dario@eufeugiatfacilisis.us
50,Max Future,4408 Northwest 55th Street Oklahoma City OK 73112,Ursula@commodoconsequattationullamcorper.net
51,Signal Frontier Venture,2318 Camryns Crossing Panama City FL 32405,Iola@veroillum.gov
52,Star People Source,10262 West 59th Avenue Arvada CO 80004,Roland@duisesse.info
53,Digital Net Electronic,3101 Penland Parkway Anchorage AK 99508,Kate@suscipitinvulputate.org
54,North Venture People,154 Boca Lagoon Drive Panama City Beach FL 32408,L.Matheson@auguemolestie.us
55,Hardware General Universal,643 Farragut Street Northwest Washington DC 20011,Elissa.Franz@luptatumesse.net
56,Power Digital Max,653 Stratton Arlington Road Stratton VT 05360,Donald.Quick@invulputatedelenit.gov
57,Atlantic Universal Star,441 Merritt Avenue Oakland CA 94610,F.Manzo@nostrudenim.us
58,Medicine Architecture Advanced,5843 West McLellan Road Glendale AZ 85301,Sidney.Bigelow@quisconsequatvel.com
59,Internet Direct Max,7 Rose Dhu Lane Savannah GA 31419,Linwood.Lopez@feugaitesse.us
60,Digital Frontier Vision,4423 Lilac Avenue Savannah GA 31404,Clinton@nonummyin.edu
61,Application Graphics,301 Willow Way Lynn Haven FL 32444,Lewis@velqui.gov
62,Direct Solutions,1156 Greenhill Road Arnold MD 21012,Winford.Stamper@tationveniamquis.gov
63,Source Studio,9805 Meadow Vale Drive Louisville KY 40242,Christa@nislutnostrud.us
64,Analysis Construction Building,4537 Tanglewood Trail Boulder CO 80301,Rosina@duisut.info
65,Direct People Innovation,1397 Tallac Lane Lincoln CA 95648,Lauri.Oh@inexerci.net
66,Direct Galaxy,1 Tanaquay Court Savannah GA 31411,Alva.Sykes@facilisiesse.org
67,Software North Electronics,6293 Braun Circle Arvada CO 80004,Errol.Shuler@dolorvero.info
68,Data West Bell,20930 Todd Valley Road Foresthill CA 95631,Neil.Andersen@eumdignissim.eu
69,Source Electronic Digital,1699 Chatham Parkway Savannah GA 31405,Evan.Mack@erosfacilisi.eu
70,Design Alpha,200 Pheasant Avenue Louisville KY 40118,L.Carroll@velad.eu
71,Alpha Data West,9515 West 74th Avenue Arvada CO 80005,A.Cleveland@eaexerci.net
72,Building Research Data,5747 West Missouri Avenue Glendale AZ 85301,S.Gamboa@nostrudnulla.tv
73,Star Hardware,4981 Shirley Way Livermore CA 94550,Annie.Higgs@enimnulla.edu
74,General Technology Network,4255 Tanager Common Fremont CA 94555,E.Camarillo@nostrudduis.net
75,Speed Hardware,2204 7th Street Road Louisville KY 40208,Garry@lobortiseu.info
76,Net Provider Vision,906 West Berry Street Fayetteville AR 72701,A.Westbrook@molestiequis.us
77,Systems Systems,341 West Tudor Road Anchorage AK 99503,Noel@eratat.gov
78,East Contract,5906 Milton Avenue Deale MD 20751,Aurelio@illumin.com
79,Consulting Telecom Star,1021 North Center Avenue Panama City FL 32401,B.Begley@euismodfeugait.com
80,Electronic Star Vision,4920 Quonset Drive Sacramento CA 95820,Berry@illumnostrud.net
81,Vision Building,208 Southeast 19th Street Oklahoma City OK 73129,Carmen@teiusto.edu
82,Max Software General,3320 Peterkin Avenue Anchorage AK 99508,Rudolph@iriuredolorvulputate.org
83,Network Power,350 Lydall Street Manchester CT 06042,P.Carper@duiseu.org
84,Systems Contract Technology,9030 Pennington PIace Montgomery AL 36117,Jamie.Mosley@enimtincidunt.edu
85,Building West,6460 Lacrosse Lane Glen Burnie MD 21061,Jamie.Tolliver@essewisi.eu
86,Network Building,319 Elderwood Court Annapolis MD 21409,A.Scully@velut.net
87,West Power Future,2707 Wendell Avenue Louisville KY 40205,E.Whelan@doloredignissim.net
88,Omega Digital Innovation,709 Mildred Street Montgomery AL 36104,Max@autemea.edu
89,Internet Systems Hill,7622 Vance Drive Arvada CO 80003,B.Flemming@erosdoloremagna.edu
90,Vision Star Source,5843 West McLellan Road Glendale AZ 85301,Jake@accumsanfeugiat.tv
91,Atlantic Construction Atlantic,13628 West 62nd Drive Arvada CO 80004,Erica@exdolor.us
92,Advanced Construction,5329 A Street Greeley CO 80634,Katrina.Anderson@etmolestie.gov
93,Vision People Hill,4024 Northwest 16th Street Oklahoma City OK 73107,Roger@doloreeros.eu
94,Universal Application Vision,20 Masters Way Manchester CT 06040,R.Brownell@duisfeugait.net
95,Universal Design,3408 Taylorsville Road Louisville KY 40205,Sharyn@delenitodio.gov
96,Solutions Alpha Signal,9805 Meadow Vale Drive Louisville KY 40242,Clemente.Switzer@elitsedvero.com
97,Universal Innovation Vision,152 Holly Court Mountain View CA 94043,Liz@dignissimnonummy.us
98,Innovation Studio Star,93 Marble Hill Road Waitsfield VT 05673,Katherine.Joyner@luptatumdolore.tv
99,Vision Application,2747 68th Avenue Oakland CA 94605,N.Hadley@commodoconsequatad.gov
100,Hill Electronics Design,3551 North Georgetown Drive Montgomery AL 36109,Alvina@augueadipiscing.tv
